{
  "camera_matrix": [
    [
      1345.8730206720186,
      0.0,
      974.9605568996025
    ],
    [
      0.0,
      1345.529739544871,
      548.239988846939
    ],
    [
      0.0,
      0.0,
      1.0
    ]
  ],
  "dist_coeffs": [
    [
      0.1209488679784932,
      -0.2567887301585244,
      0.001171770260048395,
      -0.0008705267520830682,
      -0.03942236428210589
    ]
  ],
  "chessboard_size": [
    8,
    11
  ],
  "square_size": 20.0
}