{
  "camera2base": [
    [
      0.9986405533536075,
      -0.051061428446026964,
      -0.010477391023150824,
      -29.569421037002655
    ],
    [
      0.050894640142830884,
      0.9985819972831655,
      -0.015611864292768118,
      -53.37783602682322
    ],
    [
      0.011259698145708923,
      0.015057397750452391,
      0.9998232313617504,
      23.028992213978846
    ],
    [
      0.0,
      0.0,
      0.0,
      1.0
    ]
  ],
  "base2camera": [
    [
      0.9986405533536075,
      -0.051061428446026964,
      -0.010477391023150824,
      -29.569421037002655
    ],
    [
      0.050894640142830884,
      0.9985819972831655,
      -0.015611864292768118,
      -53.37783602682322
    ],
    [
      0.011259698145708923,
      0.015057397750452391,
      0.9998232313617504,
      23.028992213978846
    ],
    [
      0.0,
      0.0,
      0.0,
      1.0
    ]
  ],
  "base2camera_euler_zyx": {
    "rx_deg": 0.8628126450515282,
    "ry_deg": -0.6451468148685803,
    "rz_deg": 2.91749354587034,
    "tx_mm": -29.569421037002655,
    "ty_mm": -53.37783602682322,
    "tz_mm": 23.028992213978846
  },
  "camera_matrix": [
    [
      1345.8730206720186,
      0.0,
      974.9605568996025
    ],
    [
      0.0,
      1345.529739544871,
      548.239988846939
    ],
    [
      0.0,
      0.0,
      1.0
    ]
  ],
  "dist_coeffs": [
    [
      0.1209488679784932,
      -0.2567887301585244,
      0.001171770260048395,
      -0.0008705267520830682,
      -0.03942236428210589
    ]
  ],
  "chessboard_size": [
    8,
    11
  ],
  "square_size": 20.0
}